<archive xmlns="http://rs.tdwg.org/dwc/text/" metadata="eml.xml">
  <core encoding="UTF-8" fieldsTerminatedBy="\t" linesTerminatedBy="\n" fieldsEnclosedBy="" ignoreHeaderLines="1" rowType="http://rs.tdwg.org/dwc/terms/Event">
    <files>
      <location>event.txt</location>
    </files>
    <id index="0" />
    <field index="1" term="http://purl.org/dc/terms/type"/>
    <field index="2" term="http://rs.tdwg.org/dwc/terms/ownerInstitutionCode"/>
    <field index="3" term="http://rs.tdwg.org/dwc/terms/eventID"/>
    <field index="4" term="http://rs.tdwg.org/dwc/terms/parentEventID"/>
    <field index="5" term="http://rs.tdwg.org/dwc/terms/year"/>
    <field index="6" term="http://rs.tdwg.org/dwc/terms/month"/>
    <field index="7" term="http://rs.tdwg.org/dwc/terms/habitat"/>
    <field index="8" term="http://rs.tdwg.org/dwc/terms/fieldNumber"/>
    <field index="9" term="http://rs.tdwg.org/dwc/terms/continent"/>
    <field index="10" term="http://rs.tdwg.org/dwc/terms/country"/>
    <field index="11" term="http://rs.tdwg.org/dwc/terms/municipality"/>
    <field index="12" term="http://rs.tdwg.org/dwc/terms/minimumElevationInMeters"/>
    <field index="13" term="http://rs.tdwg.org/dwc/terms/maximumElevationInMeters"/>
    <field index="14" term="http://rs.tdwg.org/dwc/terms/locationRemarks"/>
    <field index="15" term="http://rs.tdwg.org/dwc/terms/decimalLatitude"/>
    <field index="16" term="http://rs.tdwg.org/dwc/terms/decimalLongitude"/>
    <field index="17" term="http://rs.tdwg.org/dwc/terms/geodeticDatum"/>
  </core>
  <extension encoding="UTF-8" fieldsTerminatedBy="\t" linesTerminatedBy="\n" fieldsEnclosedBy="" ignoreHeaderLines="1" rowType="http://rs.tdwg.org/dwc/terms/Occurrence">
    <files>
      <location>occurrence.txt</location>
    </files>
    <coreid index="0" />
    <field index="1" term="http://rs.tdwg.org/dwc/terms/institutionCode"/>
    <field index="2" term="http://rs.tdwg.org/dwc/terms/ownerInstitutionCode"/>
    <field index="3" term="http://rs.tdwg.org/dwc/terms/basisOfRecord"/>
    <field index="4" term="http://rs.tdwg.org/dwc/terms/occurrenceID"/>
    <field index="5" term="http://rs.tdwg.org/dwc/terms/organismQuantity"/>
    <field index="6" term="http://rs.tdwg.org/dwc/terms/organismQuantityType"/>
    <field index="7" term="http://rs.tdwg.org/dwc/terms/scientificName"/>
    <field index="8" term="http://rs.tdwg.org/dwc/terms/kingdom"/>
  </extension>
  <extension encoding="UTF-8" fieldsTerminatedBy="\t" linesTerminatedBy="\n" fieldsEnclosedBy="" ignoreHeaderLines="1" rowType="http://rs.tdwg.org/dwc/terms/MeasurementOrFact">
    <files>
      <location>measurementorfact.txt</location>
    </files>
    <coreid index="0" />
    <field index="1" term="http://rs.tdwg.org/dwc/terms/measurementType"/>
    <field index="2" term="http://rs.tdwg.org/dwc/terms/measurementValue"/>
    <field index="3" term="http://rs.tdwg.org/dwc/terms/measurementUnit"/>
    <field index="4" term="http://rs.tdwg.org/dwc/terms/measurementRemarks"/>
  </extension>
</archive>
